{ 
    
    "betty": [
        
        {
            "density": 2, "friction": 0, "bounce": 0, 
            "filter": { "categoryBits": 1, "maskBits": 65535 },
            "shape": [   35, 154  ,  72, 171  ,  65, 188  ,  33, 187  ]
        } ,
        {
            "density": 2, "friction": 0, "bounce": 0, 
            "filter": { "categoryBits": 1, "maskBits": 65535 },
            "shape": [   113, 220  ,  148, 246  ,  99, 255  ,  88, 229  ]
        } ,
        {
            "density": 2, "friction": 0, "bounce": 0, 
            "filter": { "categoryBits": 1, "maskBits": 65535 },
            "shape": [   113, 220  ,  107, 152  ,  146, 196  ,  148, 246  ]
        } ,
        {
            "density": 2, "friction": 0, "bounce": 0, 
            "filter": { "categoryBits": 1, "maskBits": 65535 },
            "shape": [   72, 171  ,  35, 154  ,  88, 150  ,  90, 171  ]
        } ,
        {
            "density": 2, "friction": 0, "bounce": 0, 
            "filter": { "categoryBits": 1, "maskBits": 65535 },
            "shape": [   178, 11  ,  191, 49  ,  178, 81  ,  139, 38  ,  137, 6  ]
        } ,
        {
            "density": 2, "friction": 0, "bounce": 0, 
            "filter": { "categoryBits": 1, "maskBits": 65535 },
            "shape": [   206, 181  ,  180, 146  ,  184, 129  ,  214, 139  ,  235, 178  ]
        } ,
        {
            "density": 2, "friction": 0, "bounce": 0, 
            "filter": { "categoryBits": 1, "maskBits": 65535 },
            "shape": [   161, 158  ,  209, 196  ,  206, 223  ,  155, 226  ]
        } ,
        {
            "density": 2, "friction": 0, "bounce": 0, 
            "filter": { "categoryBits": 1, "maskBits": 65535 },
            "shape": [   103, 44  ,  139, 38  ,  178, 81  ,  107, 131  ,  90, 129  ,  64, 94  ,  72, 56  ]
        } ,
        {
            "density": 2, "friction": 0, "bounce": 0, 
            "filter": { "categoryBits": 1, "maskBits": 65535 },
            "shape": [   161, 158  ,  107, 152  ,  107, 131  ,  178, 81  ,  186, 79  ,  184, 129  ,  180, 146  ]
        } ,
        {
            "density": 2, "friction": 0, "bounce": 0, 
            "filter": { "categoryBits": 1, "maskBits": 65535 },
            "shape": [   146, 196  ,  107, 152  ,  161, 158  ,  157, 199  ]
        } ,
        {
            "density": 2, "friction": 0, "bounce": 0, 
            "filter": { "categoryBits": 1, "maskBits": 65535 },
            "shape": [   107, 131  ,  88, 150  ,  35, 154  ]
        } ,
        {
            "density": 2, "friction": 0, "bounce": 0, 
            "filter": { "categoryBits": 1, "maskBits": 65535 },
            "shape": [   107, 131  ,  107, 152  ,  88, 150  ]
        }
    ]
}
